{
	"id": "Xdl0F96D9fz9BvE",
	"json": "{\"id\":\"Xdl0F96D9fz9BvE\",\"url\":\"https://shopify.com/news\",\"loadedUrl\":\"https://www.shopify.com/news\",\"uniqueKey\":\"https://shopify.com/news\",\"method\":\"GET\",\"noRetry\":false,\"retryCount\":0,\"errorMessages\":[],\"headers\":{},\"userData\":{\"__crawlee\":{\"state\":4}},\"handledAt\":\"2024-10-17T19:10:38.036Z\"}",
	"method": "GET",
	"orderNo": null,
	"retryCount": 0,
	"uniqueKey": "https://shopify.com/news",
	"url": "https://shopify.com/news"
}