{
  "usableSessionsCount": 3,
  "retiredSessionsCount": 0,
  "sessions": [
    {
      "id": "session_UyXG5kueBJ",
      "cookieJar": {
        "version": "tough-cookie@5.0.0",
        "storeType": "MemoryCookieStore",
        "rejectPublicSuffixes": true,
        "enableLooseMode": false,
        "allowSpecialUseDomain": true,
        "prefixSecurity": "silent",
        "cookies": []
      },
      "userData": {},
      "maxErrorScore": 3,
      "errorScoreDecrement": 0.5,
      "expiresAt": "2024-10-17T20:00:18.528Z",
      "createdAt": "2024-10-17T19:10:18.527Z",
      "usageCount": 0,
      "maxUsageCount": 50,
      "errorScore": 0
    },
    {
      "id": "session_JctrIsuMIT",
      "cookieJar": {
        "version": "tough-cookie@5.0.0",
        "storeType": "MemoryCookieStore",
        "rejectPublicSuffixes": true,
        "enableLooseMode": false,
        "allowSpecialUseDomain": true,
        "prefixSecurity": "silent",
        "cookies": [
          {
            "key": "_shopify_s",
            "value": "a9ef987e-ddbc-4be4-8137-ae8d13e09075",
            "expires": "2024-10-17T19:40:34.931Z",
            "domain": "shopify.com",
            "path": "/",
            "secure": true,
            "hostOnly": false,
            "creation": "2024-10-17T19:10:28.852Z",
            "lastAccessed": "2024-10-17T19:10:37.978Z"
          },
          {
            "key": "_shopify_y",
            "value": "bcd1691f-16c7-4702-8e56-e37f42500f42",
            "expires": "2025-10-17T19:10:34.931Z",
            "domain": "shopify.com",
            "path": "/",
            "secure": true,
            "hostOnly": false,
            "creation": "2024-10-17T19:10:28.856Z",
            "lastAccessed": "2024-10-17T19:10:37.978Z"
          },
          {
            "key": "v:a:3",
            "value": "%7B%222dcfbd4c4828c746864c737445bee031%22%3A%7B%22variant%22%3A%22control%22%2C%22createdAt%22%3A1729192228630%7D%2C%223a9d9dde9aa09aac1cd08b831c61148f%22%3A%7B%22variant%22%3A%22treatment%22%2C%22createdAt%22%3A1729192228630%7D%7D",
            "expires": "2025-10-17T19:10:31.654Z",
            "domain": "shopify.com",
            "path": "/",
            "secure": true,
            "hostOnly": false,
            "creation": "2024-10-17T19:10:28.857Z",
            "lastAccessed": "2024-10-17T19:10:37.978Z"
          },
          {
            "key": "_gcl_au",
            "value": "1.1.619342854.1729192235",
            "expires": "2025-01-15T19:10:35.000Z",
            "domain": "shopify.com",
            "path": "/",
            "hostOnly": false,
            "creation": "2024-10-17T19:10:37.978Z",
            "lastAccessed": "2024-10-17T19:10:37.978Z"
          },
          {
            "key": "mto_pvs",
            "value": "1",
            "expires": "2024-10-17T20:00:37.977Z",
            "domain": "shopify.com",
            "path": "/",
            "hostOnly": false,
            "creation": "2024-10-17T19:10:37.978Z",
            "lastAccessed": "2024-10-17T19:10:37.978Z"
          },
          {
            "key": "_biz_uid",
            "value": "2c899fbd09da4be6c1cf22855e7b1fd2",
            "expires": "2025-10-17T19:10:35.000Z",
            "domain": "shopify.com",
            "path": "/",
            "hostOnly": false,
            "creation": "2024-10-17T19:10:37.979Z",
            "lastAccessed": "2024-10-17T19:10:37.979Z"
          },
          {
            "key": "_biz_nA",
            "value": "1",
            "expires": "2025-10-17T19:10:35.000Z",
            "domain": "shopify.com",
            "path": "/",
            "hostOnly": false,
            "creation": "2024-10-17T19:10:37.979Z",
            "lastAccessed": "2024-10-17T19:10:37.979Z"
          },
          {
            "key": "_ga",
            "value": "GA1.1.1654518318.1729192236",
            "expires": "2025-11-21T19:10:35.811Z",
            "domain": "shopify.com",
            "path": "/",
            "hostOnly": false,
            "creation": "2024-10-17T19:10:37.979Z",
            "lastAccessed": "2024-10-17T19:10:37.979Z"
          },
          {
            "key": "_biz_pendingA",
            "value": "%5B%5D",
            "expires": "2025-10-17T19:10:35.000Z",
            "domain": "shopify.com",
            "path": "/",
            "hostOnly": false,
            "creation": "2024-10-17T19:10:37.979Z",
            "lastAccessed": "2024-10-17T19:10:37.979Z"
          },
          {
            "key": "_biz_flagsA",
            "value": "%7B%22Version%22%3A1%2C%22ViewThrough%22%3A%221%22%2C%22XDomain%22%3A%221%22%7D",
            "expires": "2025-10-17T19:10:36.000Z",
            "domain": "shopify.com",
            "path": "/",
            "hostOnly": false,
            "creation": "2024-10-17T19:10:37.979Z",
            "lastAccessed": "2024-10-17T19:10:37.979Z"
          },
          {
            "key": "FPID",
            "value": "FPID2.2.czmVrYhl4ZTypwTdN3XaXoNgsaSn7MXqcDMODsojqlE%3D.1729192236",
            "expires": "2025-11-21T19:10:36.706Z",
            "domain": "shopify.com",
            "path": "/",
            "secure": true,
            "httpOnly": true,
            "hostOnly": false,
            "creation": "2024-10-17T19:10:37.980Z",
            "lastAccessed": "2024-10-17T19:10:37.980Z"
          },
          {
            "key": "FPAU",
            "value": "1.1.619342854.1729192235",
            "expires": "2025-01-15T19:10:34.412Z",
            "domain": "shopify.com",
            "path": "/",
            "secure": true,
            "hostOnly": false,
            "creation": "2024-10-17T19:10:37.980Z",
            "lastAccessed": "2024-10-17T19:10:37.980Z"
          },
          {
            "key": "_fbp",
            "value": "fb.1.1729192236630.609327721485679026",
            "expires": "2025-01-15T19:10:36.000Z",
            "domain": "shopify.com",
            "path": "/",
            "hostOnly": false,
            "creation": "2024-10-17T19:10:37.980Z",
            "lastAccessed": "2024-10-17T19:10:37.980Z"
          },
          {
            "key": "FPLC",
            "value": "HzwkVpkP3DQhFjb5zfnDRCGW8LH8LzMvEDUj97N7y4nMx3cbbJrlfQh3HXPQSMWSfPFIx8U0%2BRFXcSw2f%2FgSLFQ0t%2FLaSEaoEm086b6UsHwVxNbtzbxJwfI7fDyzew%3D%3D",
            "expires": "2024-10-18T15:10:36.706Z",
            "domain": "shopify.com",
            "path": "/",
            "secure": true,
            "hostOnly": false,
            "creation": "2024-10-17T19:10:37.980Z",
            "lastAccessed": "2024-10-17T19:10:37.980Z"
          },
          {
            "key": "FPGSID",
            "value": "1.1729192236.1729192236.G-B7X5MKCR35.sLGBe262LZ7_-7VIKirW1w",
            "expires": "2024-10-17T19:40:36.860Z",
            "domain": "shopify.com",
            "path": "/",
            "secure": true,
            "hostOnly": false,
            "creation": "2024-10-17T19:10:37.980Z",
            "lastAccessed": "2024-10-17T19:10:37.980Z"
          },
          {
            "key": "_ga_W6NECZNE63",
            "value": "GS1.1.1729192235.1.0.1729192236.0.0.1365451744",
            "expires": "2025-11-21T19:10:36.965Z",
            "domain": "shopify.com",
            "path": "/",
            "hostOnly": false,
            "creation": "2024-10-17T19:10:37.980Z",
            "lastAccessed": "2024-10-17T19:10:37.980Z"
          }
        ]
      },
      "userData": {},
      "maxErrorScore": 3,
      "errorScoreDecrement": 0.5,
      "expiresAt": "2024-10-17T20:00:18.532Z",
      "createdAt": "2024-10-17T19:10:18.532Z",
      "usageCount": 4,
      "maxUsageCount": 50,
      "errorScore": 0
    },
    {
      "id": "session_9l7LAaoMfE",
      "cookieJar": {
        "version": "tough-cookie@5.0.0",
        "storeType": "MemoryCookieStore",
        "rejectPublicSuffixes": true,
        "enableLooseMode": false,
        "allowSpecialUseDomain": true,
        "prefixSecurity": "silent",
        "cookies": []
      },
      "userData": {},
      "maxErrorScore": 3,
      "errorScoreDecrement": 0.5,
      "expiresAt": "2024-10-17T20:00:29.084Z",
      "createdAt": "2024-10-17T19:10:29.084Z",
      "usageCount": 0,
      "maxUsageCount": 50,
      "errorScore": 0
    }
  ]
}