{
  "requestsFinished": 2,
  "requestsFailed": 0,
  "requestsRetries": 0,
  "requestsFailedPerMinute": 0,
  "requestsFinishedPerMinute": 6,
  "requestMinDurationMillis": 8957,
  "requestMaxDurationMillis": 10543,
  "requestTotalFailedDurationMillis": 0,
  "requestTotalFinishedDurationMillis": 19500,
  "crawlerStartedAt": "2024-10-17T19:10:18.342Z",
  "crawlerFinishedAt": "2024-10-17T19:10:38.288Z",
  "statsPersistedAt": "2024-10-17T19:10:38.288Z",
  "crawlerRuntimeMillis": 20278,
  "crawlerLastStartTimestamp": 1729192218010,
  "requestRetryHistogram": [
    2
  ],
  "statsId": 0,
  "requestAvgFailedDurationMillis": null,
  "requestAvgFinishedDurationMillis": 9750,
  "requestTotalDurationMillis": 19500,
  "requestsTotal": 2,
  "requestsWithStatusCode": {
    "200": 2
  },
  "errors": {},
  "retryErrors": {}
}